1.
postgres=# CREATE DATABASE s298278;
CREATE DATABASE

postgres=# \c s298278;
You are now connected to database "s298278" as user "postgres".
2.

s298278=# CREATE SCHEMA firma;
CREATE SCHEMA
3.
s298278=# CREATE ROLE ksiegowosc NOSUPERUSER INHERIT NOCREATEDB NOCREATEROLE NOREPLICATION;
CREATE ROLE

4.a)
s298278=# CREATE TABLE pracownicy ( id_pracownika int NOT NULL, imie varchar(255), nazwisko varchar(255), adres varchar(255), telefon varchar(255));
CREATE TABLE
s298278=# CREATE TABLE godziny( id_godziny int NOT NULL, data date, liczba_godzin int, id_pracownika int NOT NULL);
CREATE TABLE
s298278=# CREATE TABLE pensja_stanowisko( id_pensji int NOT NULL, stanowisko varchar(255), kwota float);
CREATE TABLE
s298278=# CREATE TABLE premia(id_premii int NOT NULL, rodzaj varchar(255), kwota float);
CREATE TABLE
s298278=# CREATE TABLE wynagrodzenie(id_wynagrodzenia int NOT NULL, data date, id_pracownika int NOT NULL, id_godziny int NOT NULL, id_pensji int NOT NULL, id_premii int NOT NULL);
s298278=# \dt
 public | godziny           | table | postgres
 public | pensja_stanowisko | table | postgres
 public | pracownicy        | table | postgres
 public | premia            | table | postgres
 public | wynagrodzenie     | table | postgres
 
 4.b)
s298278=# ALTER TABLE pracownicy ADD PRIMARY KEY(id_pracownika);
ALTER TABLE
s298278=# ALTER TABLE godziny ADD PRIMARY KEY(id_godziny);
ALTER TABLE
s298278=# ALTER TABLE pensja_stanowisko ADD PRIMARY key(id_pensji);
ALTER TABLE
s298278=# ALTER TABLE premia ADD PRIMARY KEY(id_premii);
ALTER TABLE
s298278=# ALTER TABLE wynagrodzenie ADD PRIMARY KEY(id_wynagrodzenia);
ALTER TABLE

4.c)
s298278=# ALTER TABLE godziny ADD FOREIGN KEY(id_pracownika) REFERENCES pracownicy(id_pracownika);
s298278=# ALTER TABLE wynagrodzenie ADD FOREIGN KEY(id_pracownika) REFERENCES pracownicy(id_pracownika);
s298278=# ALTER TABLE wynagrodzenie ADD FOREIGN KEY(id_godziny) REFERENCES godziny(id_godziny);
s298278=# ALTER TABLE wynagrodzenie ADD FOREIGN KEY(id_pensji) REFERENCES pensja_stanowisko(id_pensji);
s298278=# ALTER TABLE wynagrodzenie ADD FOREIGN KEY(id_premii) REFERENCES premia(id_premii);

4.d)
CREATE INDEX id_prac ON pracownicy USING btree(id_pracownika);

4.e)
s298278=# COMMENT ON TABLE pracownicy IS 'dane osobowe pracownikow';
COMMENT
s298278=# COMMENT ON TABLE godziny IS 'ilosc przepracowanych godzin pracownikow';
COMMENT
s298278=# COMMENT ON TABLE pensja_stanowisko IS 'stanowisko i wysokosc pensji';
COMMENT
s298278=# COMMENT ON TABLE premia IS 'wysokosc i rodzaj premii';
COMMENT
s298278=# COMMENT ON TABLE wynagrodzenie IS 'wynagrodzenie pracownikow';
COMMENT

4. f)
s298278=#  ALTER TABLE godziny ADD CONSTRAINT pracownicy_fk FOREIGN KEY (id_pracownika) REFERENCES pracownicy(id_pracownika) ON UPDATE NO ACTION ON DELETE NO ACTION;
ALTER TABLE
s298278=#  ALTER TABLE wynagrodzenie ADD CONSTRAINT pracownicy_fk FOREIGN KEY (id_pracownika) REFERENCES pracownicy(id_pracownika) ON UPDATE NO ACTION ON DELETE NO ACTION;
ALTER TABLE
s298278=#  ALTER TABLE wynagrodzenie ADD CONSTRAINT godziny_fk FOREIGN KEY (id_godziny) REFERENCES godziny(id_godziny) ON UPDATE NO ACTION ON DELETE NO ACTION;
ALTER TABLE
s298278=#  ALTER TABLE wynagrodzenie ADD CONSTRAINT pensja_stanowisko_fk FOREIGN KEY (id_pensji) REFERENCES pensja_stanowisko(id_pensji) ON UPDATE NO ACTION ON DELETE NO ACTION;
ALTER TABLE
s298278=#  ALTER TABLE wynagrodzenie ADD CONSTRAINT premia_fk FOREIGN KEY (id_premii) REFERENCES premia(id_premii) ON UPDATE NO ACTION ON DELETE NO ACTION; ALTER TABLE wynagrodzenie ADD CONSTRAINT premia_fk FOREIGN KEY (id_premii) REFERENCES premia(id_premii) ON UPDATE NO ACTION ON DELETE NO ACTION;
ALTER TABLE

5.a)
s298278=# ALTER TABLE godziny ADD miesiac INT, ADD tydzien INT;
ALTER TABLE

5.b)
s298278=# ALTER TABLE wynagrodzenie ALTER COLUMN data TYPE TEXT;
ALTER TABLE

5.c)
s298278=# UPDATE premia SET kwota = 0 WHERE rodzaj IS NULL;
UPDATE 0

s298278=# INSERT INTO pracownicy VALUES (1, 'Mariusz', 'Pudzian', 'Cieszyn', '121 121 121');
INSERT 0 1
s298278=# INSERT INTO pracownicy VALUES (2, 'Niemariusz', 'Niepudzian', 'Niecieszyn', '121 121 122');
INSERT 0 1
s298278=# INSERT INTO pracownicy VALUES (3, 'Draven', 'Toporny', 'Noxus', '211 211 211');
INSERT 0 1
s298278=# INSERT INTO pracownicy VALUES (4, 'Darius', 'Toporny', 'Noxus', '211 211 212');
INSERT 0 1
s298278=# INSERT INTO pracownicy VALUES (5, 'Garen', 'Sprawiedliwy', 'Demacia', '211 221 212');
INSERT 0 1
s298278=# INSERT INTO pracownicy VALUES (6, 'Teemo', 'Denerwujacy', 'Las', '211 231 212');
INSERT 0 1
s298278=# INSERT INTO pracownicy VALUES (7, 'Nasus', 'Psiarny', 'Egipt', '231 231 212');
INSERT 0 1
s298278=# INSERT INTO pracownicy VALUES (8, 'Ornn', 'Wielki', 'Skandynawia', '231 251 212');
INSERT 0 1
s298278=# INSERT INTO pracownicy VALUES (9, 'Volibear', 'Wielki', 'Skandynawia', '231 651 212');
INSERT 0 1
s298278=# INSERT INTO pracownicy VALUES (10, 'Lulu', 'Lulululu', 'Las', '281 651 212');
INSERT 0 1

s298278=# INSERT INTO godziny VALUES (1,'11-09-2001',169,1);
INSERT 0 1
s298278=# INSERT INTO godziny VALUES (2,'11-09-2001',420,2);
INSERT 0 1
s298278=# INSERT INTO godziny VALUES (3,'12-09-2001',160,3);
INSERT 0 1
s298278=# INSERT INTO godziny VALUES (4,'13-09-2001',140,3);
ERROR:  date/time field value out of range: "13-09-2001"
LINE 1: INSERT INTO godziny VALUES (4,'13-09-2001',140,3);
                                      ^
HINT:  Perhaps you need a different "datestyle" setting.
s298278=# INSERT INTO godziny VALUES (4,'13-09-2001',140,4);
ERROR:  date/time field value out of range: "13-09-2001"
LINE 1: INSERT INTO godziny VALUES (4,'13-09-2001',140,4);
                                      ^
HINT:  Perhaps you need a different "datestyle" setting.
s298278=# INSERT INTO godziny VALUES (4,'14-09-2001',140,4);
ERROR:  date/time field value out of range: "14-09-2001"
LINE 1: INSERT INTO godziny VALUES (4,'14-09-2001',140,4);
                                      ^
HINT:  Perhaps you need a different "datestyle" setting.
s298278=# INSERT INTO godziny VALUES (4,'01-10-2001',140,4);
INSERT 0 1
s298278=# INSERT INTO godziny VALUES (5,'02-10-2001',140,5);
INSERT 0 1
s298278=# INSERT INTO godziny VALUES (6,'03-10-2001',168,6);
INSERT 0 1
s298278=# INSERT INTO godziny VALUES (7,'04-10-2001',130,7);
INSERT 0 1
s298278=# INSERT INTO godziny VALUES (8,'04-10-2001',130,8);
INSERT 0 1
s298278=# INSERT INTO godziny VALUES (9,'05-10-2001',160,9);
INSERT 0 1
s298278=# INSERT INTO godziny VALUES (10,'06-10-2001',160,10);
INSERT 0 1
s298278=# UPDATE godziny SET miesiac = DATE_PART('month', data);
UPDATE 10
s298278=# UPDATE godziny SET tydzien = DATE_PART('week', data);
UPDATE 10

s298278=# INSERT INTO pensja_stanowisko VALUES (0, 'dev', 4000);
INSERT 0 1
s298278=# INSERT INTO pensja_stanowisko VALUES (1, 'test', 3000);
INSERT 0 1
s298278=# INSERT INTO pensja_stanowisko VALUES (3, 'test', 3000);
INSERT 0 1
s298278=# INSERT INTO pensja_stanowisko VALUES (2, 'test', 3000);
INSERT 0 1
s298278=# INSERT INTO pensja_stanowisko VALUES (4, 'dev', 4500);
INSERT 0 1
s298278=# INSERT INTO pensja_stanowisko VALUES (5, 'adc', 5000);
INSERT 0 1
s298278=# INSERT INTO pensja_stanowisko VALUES (6, 'support', 4000);
INSERT 0 1
s298278=# INSERT INTO pensja_stanowisko VALUES (7, 'top', 6000);
INSERT 0 1
s298278=# INSERT INTO pensja_stanowisko VALUES (8, 'jg', 1000);
INSERT 0 1
s298278=# INSERT INTO pensja_stanowisko VALUES (9, 'mid', 6000);
INSERT 0 1
s298278=# INSERT INTO premia VALUES (1, 'jg diff', 50);
INSERT 0 1
s298278=# INSERT INTO premia VALUES (1, 'top diff', 500);
ERROR:  duplicate key value violates unique constraint "premia_pkey"
DETAIL:  Key (id_premii)=(1) already exists.
s298278=# INSERT INTO premia VALUES (2, 'top diff', 500);
INSERT 0 1
s298278=# INSERT INTO premia VALUES (3, 'mid diff', 500);
INSERT 0 1
s298278=# INSERT INTO premia VALUES (4, 'adc diff', 250);
INSERT 0 1
s298278=# INSERT INTO premia VALUES (5, 'supp diff', 250);
INSERT 0 1
s298278=# INSERT INTO premia VALUES (6, 'team diff', 250);
INSERT 0 1
s298278=# INSERT INTO premia VALUES (7, 'premia', 250);
INSERT 0 1
s298278=# INSERT INTO premia VALUES (8, 'duza premia', 750);
INSERT 0 1
s298278=# INSERT INTO premia VALUES (9, 'mala premia', 50);
INSERT 0 1
s298278=# INSERT INTO premia VALUES (10, 'premia1', 50);
INSERT 0 1

s298278=# INSERT INTO wynagrodzenie VALUES(1, '11-09-2001', 1, 1, 0, 1);
INSERT 0 1
s298278=# INSERT INTO wynagrodzenie VALUES(2, '11-09-2001', 2, 2, 1, 2);
INSERT 0 1
s298278=# INSERT INTO wynagrodzenie VALUES(3, '12-09-2001', 3, 3, 2, 3);
INSERT 0 1
s298278=# INSERT INTO wynagrodzenie VALUES(4, '13-09-2001', 4, 4, 3, 4);
INSERT 0 1
s298278=# INSERT INTO wynagrodzenie VALUES(5, '02-10-2001', 5, 5, 4, 5);
INSERT 0 1
s298278=# INSERT INTO wynagrodzenie VALUES(6, '03-10-2001', 6, 6, 5, 6);
INSERT 0 1
s298278=# INSERT INTO wynagrodzenie VALUES(7, '04-10-2001', 7, 7, 6, 7);
INSERT 0 1
s298278=# INSERT INTO wynagrodzenie VALUES(8, '05-10-2001', 8, 8, 7, 8);
INSERT 0 1
s298278=# INSERT INTO wynagrodzenie VALUES(9, '06-10-2001', 9, 9, 8, 9);
INSERT 0 1
s298278=# INSERT INTO wynagrodzenie VALUES(10, '07-10-2001', 10, 10, 9, 10);
INSERT 0 1

6.a)
s298278=# SELECT id_pracownika, nazwisko from pracownicy;
 id_pracownika |   nazwisko   
---------------+--------------
             1 | Pudzian
             2 | Niepudzian
             3 | Toporny
             4 | Toporny
             5 | Sprawiedliwy
             6 | Denerwujacy
             7 | Psiarny
             8 | Wielki
             9 | Wielki
            10 | Lulululu
(10 rows)

6.b)
s298278=# SELECT wynagrodzenie.id_pracownika FROM wynagrodzenie 
s298278-# INNER JOIN pracownicy ON pracownicy.id_pracownika=wynagrodzenie.id_pracownika 
s298278-# INNER JOIN pensja_stanowisko ON wynagrodzenie.id_pensji=pensja_stanowisko.id_pensji 
s298278-# WHERE kwota>1000;
 id_pracownika 
---------------
             1
             2
             3
             4
             5
             6
             7
             8
            10
(9 rows)

6.c)
s298278=# SELECT wynagrodzenie.id_pracownika FROM wynagrodzenie 
s298278-# INNER JOIN pracownicy ON pracownicy.id_pracownika=wynagrodzenie.id_pracownika 
s298278-# INNER JOIN pensja_stanowisko ON wynagrodzenie.id_pensji=pensja_stanowisko.id_pensji 
s298278-# INNER JOIN premia ON premia.id_premii=wynagrodzenie.id_premii 
s298278-# WHERE pensja_stanowisko.kwota >2000 AND premia.kwota=200;
 id_pracownika 
---------------
(0 rows)

6.d)
s298278=# SELECT imie,nazwisko FROM pracownicy WHERE imie LIKE 'J%';
 imie | nazwisko 
------+----------
(0 rows)

6.e)
s298278=# SELECT imie,nazwisko FROM pracownicy WHERE imie LIKE '%a' AND nazwisko LIKE '%n%';
 imie | nazwisko 
------+----------
(0 rows)

6.f)
s298278=# SELECT imie, nazwisko, liczba_godzin-160 as "nadgodziny" FROM pracownicy 
s298278-# INNER JOIN godziny ON pracownicy.id_pracownika=godziny.id_pracownika WHERE liczba_godzin<160;
  imie  |   nazwisko   | nadgodziny 
--------+--------------+------------
 Darius | Toporny      |        -20
 Garen  | Sprawiedliwy |        -20
 Nasus  | Psiarny      |        -30
 Ornn   | Wielki       |        -30

6.g)
s298278=# SELECT imie, nazwisko FROM pracownicy 
s298278-# INNER JOIN wynagrodzenie ON pracownicy.id_pracownika=wynagrodzenie.id_pracownika 
s298278-# INNER JOIN pensja_stanowisko ON pensja_stanowisko.id_pensji=wynagrodzenie.id_pensji 
s298278-# WHERE pensja_stanowisko.kwota>1500 AND pensja_stanowisko.kwota<3000;
 imie | nazwisko 
------+----------
(0 rows)

6.h)
s298278=# SELECT imie, nazwisko FROM pracownicy 
s298278-# INNER JOIN wynagrodzenie ON wynagrodzenie.id_pracownika=pracownicy.id_pracownika
s298278-# INNER JOIN godziny ON godziny.id_pracownika=wynagrodzenie.id_pracownika 
s298278-# INNER JOIN premia ON premia.id_premii=wynagrodzenie.id_premii 
s298278-# WHERE premia.kwota = 0 AND godziny.liczba_godzin>160;
 imie | nazwisko 
------+----------
(0 rows)

8.a)
s298278=# UPDATE pracownicy SET telefon = CONCAT('(+48)', telefon);
UPDATE 10

8.b)
UPDATE pracownicy SET telefon = CONCAT(LEFT(telefon, 8), '-', SUBSTRING(telefon, 9, 3), '-', SUBSTRING(telefon, 11, 3));

8.c)
s298278=# SELECT id_pracownika, UPPER(imie), UPPER(nazwisko), UPPER(adres), telefon FROM pracownicy 
s298278-# WHERE LENGTH(nazwisko) = (SELECT MAX(LENGTH(nazwisko)) FROM pracownicy);
 id_pracownika | upper |    upper     |  upper  |     telefon      
---------------+-------+--------------+---------+------------------
             5 | GAREN | SPRAWIEDLIWY | DEMACIA | (+48)211- 22-21 
(1 row)

8.d)
s298278=# SELECT pracownicy.id_pracownika, imie, nazwisko, adres, telefon, md5(CAST(pensja_stanowisko.kwota AS TEXT)) as "zakodowana pensja" FROM pracownicy 
s298278-# INNER JOIN wynagrodzenie ON wynagrodzenie.id_pracownika=pracownicy.id_pracownika 
s298278-# INNER JOIN pensja_stanowisko ON pensja_stanowisko.id_pensji=wynagrodzenie.id_pensji;
 id_pracownika |    imie    |   nazwisko   |    adres    |     telefon      |        zakodowana pensja         
---------------+------------+--------------+-------------+------------------+----------------------------------
             1 | Mariusz    | Pudzian      | Cieszyn     | (+48)121- 12-21  | 1bd69c7df3112fb9a584fbd9edfc6c90
             2 | Niemariusz | Niepudzian   | Niecieszyn  | (+48)121- 12-21  | e93028bdc1aacdfb3687181f2031765d
             3 | Draven     | Toporny      | Noxus       | (+48)211- 21-11  | e93028bdc1aacdfb3687181f2031765d
             4 | Darius     | Toporny      | Noxus       | (+48)211- 21-11  | e93028bdc1aacdfb3687181f2031765d
             5 | Garen      | Sprawiedliwy | Demacia     | (+48)211- 22-21  | 7d6548bdc0082aacc950ed35e91fcccb
             6 | Teemo      | Denerwujacy  | Las         | (+48)211- 23-31  | a35fe7f7fe8217b4369a0af4244d1fca
             7 | Nasus      | Psiarny      | Egipt       | (+48)231- 23-31  | 1bd69c7df3112fb9a584fbd9edfc6c90
             8 | Ornn       | Wielki       | Skandynawia | (+48)231- 25-51  | a8c6dd982010fce8701ce1aef8a2d40a
             9 | Volibear   | Wielki       | Skandynawia | (+48)231- 65-51  | a9b7ba70783b617e9998dc4dd82eb3c5
            10 | Lulu       | Lulululu     | Las         | (+48)281- 65-51  | a8c6dd982010fce8701ce1aef8a2d40a
(10 rows)

9.
s298278=# SELECT CONCAT('Pracownik ', pracownicy.imie, ' ', pracownicy.nazwisko, ', w dniu ', godziny.data,' otrzymal pensje calkowita na kwote ', (pensja_stanowisko.kwota + premia.kwota), ', gdzie wynagrodzenie zasadnicze wynosilo: ', pensja_stanowisko.kwota, 'zl, premia:', premia.kwota, 'zl, liczba nadgodzin: ', (CASE WHEN godziny.liczba_godzin <= 160 THEN 0 ELSE (godziny.liczba_godzin-160) END)) FROM pracownicy INNER JOIN wynagrodzenie ON wynagrodzenie.id_pracownika = pracownicy.id_pracownika INNER JOIN godziny ON godziny.id_godziny = wynagrodzenie.id_godziny INNER JOIN pensja_stanowisko ON wynagrodzenie.id_pensji = pensja_stanowisko.id_pensji INNER JOIN premia ON premia.id_premii = wynagrodzenie.id_premii;
                                                                                      concat                         
                                                             
---------------------------------------------------------------------------------------------------------------------
-------------------------------------------------------------
 Pracownik Mariusz Pudzian, w dniu 2001-11-09 otrzymal pensje calkowita na kwote 4050, gdzie wynagrodzenie zasadnicze
 wynosilo: 4000zl, premia:50zl, liczba nadgodzin: 9
 Pracownik Niemariusz Niepudzian, w dniu 2001-11-09 otrzymal pensje calkowita na kwote 3500, gdzie wynagrodzenie zasa
dnicze wynosilo: 3000zl, premia:500zl, liczba nadgodzin: 260
 Pracownik Draven Toporny, w dniu 2001-12-09 otrzymal pensje calkowita na kwote 3500, gdzie wynagrodzenie zasadnicze 
wynosilo: 3000zl, premia:500zl, liczba nadgodzin: 0
 Pracownik Darius Toporny, w dniu 2001-01-10 otrzymal pensje calkowita na kwote 3250, gdzie wynagrodzenie zasadnicze 
wynosilo: 3000zl, premia:250zl, liczba nadgodzin: 0
 Pracownik Garen Sprawiedliwy, w dniu 2001-02-10 otrzymal pensje calkowita na kwote 4750, gdzie wynagrodzenie zasadni
cze wynosilo: 4500zl, premia:250zl, liczba nadgodzin: 0
 Pracownik Teemo Denerwujacy, w dniu 2001-03-10 otrzymal pensje calkowita na kwote 5250, gdzie wynagrodzenie zasadnic
ze wynosilo: 5000zl, premia:250zl, liczba nadgodzin: 8
 Pracownik Nasus Psiarny, w dniu 2001-04-10 otrzymal pensje calkowita na kwote 4250, gdzie wynagrodzenie zasadnicze w
ynosilo: 4000zl, premia:250zl, liczba nadgodzin: 0
 Pracownik Ornn Wielki, w dniu 2001-04-10 otrzymal pensje calkowita na kwote 6750, gdzie wynagrodzenie zasadnicze wyn
osilo: 6000zl, premia:750zl, liczba nadgodzin: 0
 Pracownik Volibear Wielki, w dniu 2001-05-10 otrzymal pensje calkowita na kwote 1050, gdzie wynagrodzenie zasadnicze
 wynosilo: 1000zl, premia:50zl, liczba nadgodzin: 0
 Pracownik Lulu Lulululu, w dniu 2001-06-10 otrzymal pensje calkowita na kwote 6050, gdzie wynagrodzenie zasadnicze w
ynosilo: 6000zl, premia:50zl, liczba nadgodzin: 0
(10 rows)



